{"cameraMode":{"drawMode":0,"name":"Shaded","section":"Shading Mode"},"sceneLighting":false,"audioPlay":false,"sceneViewState":{"showFog":true,"showMaterialUpdate":true,"showSkybox":false,"showFlares":true,"showImageEffects":true,"showParticleSystems":true},"in2DMode":false,"pivot":{"x":2.2749998569488527,"y":1.194000244140625,"z":0.23099994659423829},"rotation":{"x":0.011522812768816948,"y":0.7100001573562622,"z":0.008847413584589959,"w":-0.7044066190719605},"size":12.12435531616211,"orthographic":false}