{"cameraMode":{"drawMode":0,"name":"Shaded","section":"Shading Mode"},"sceneLighting":false,"audioPlay":false,"sceneViewState":{"showFog":true,"showMaterialUpdate":true,"showSkybox":false,"showFlares":true,"showImageEffects":true,"showParticleSystems":true},"in2DMode":false,"pivot":{"x":332.7317810058594,"y":463.0308532714844,"z":-19.859886169433595},"rotation":{"x":0.025659475475549699,"y":0.675406813621521,"z":0.02304256521165371,"w":-0.7367734313011169},"size":4.0445780754089359,"orthographic":false}