{"cameraMode":{"drawMode":0,"name":"Shaded","section":"Shading Mode"},"sceneLighting":false,"audioPlay":false,"sceneViewState":{"showFog":true,"showMaterialUpdate":true,"showSkybox":false,"showFlares":true,"showImageEffects":true,"showParticleSystems":true},"in2DMode":false,"pivot":{"x":-1.7698709964752198,"y":1.2740284204483033,"z":0.8780035972595215},"rotation":{"x":0.023785552009940149,"y":0.7423526048660278,"z":0.026208406314253808,"w":-0.6692606806755066},"size":10.0,"orthographic":false}