{"cameraMode":{"drawMode":0,"name":"Shaded","section":"Shading Mode"},"sceneLighting":false,"audioPlay":false,"sceneViewState":{"showFog":true,"showMaterialUpdate":true,"showSkybox":false,"showFlares":true,"showImageEffects":true,"showParticleSystems":true},"in2DMode":false,"pivot":{"x":-0.019999999552965165,"y":1.7899999618530274,"z":0.0},"rotation":{"x":-0.16069836914539338,"y":0.6627071499824524,"z":-0.15146732330322267,"w":-0.7159019708633423},"size":4.081666469573975,"orthographic":false}